{
    "MAE": 48.16749954223633,
    "RMSE": 96.28502812288627,
    "R2": 0.07357621192932129,
    "MAPE": 45.027218256608506,
    "train_samples": 15788,
    "test_samples": 3947
}