{
    "MAE": 55.16352081298828,
    "RMSE": 100.97107607193755,
    "R2": -0.018793463706970215,
    "MAPE": 54.60164601246908,
    "train_samples": 15788,
    "test_samples": 3947
}