{
    "MAE": 44.62188720703125,
    "RMSE": 83.69973713276374,
    "R2": 0.29993176460266113,
    "MAPE": 47.6333141846062,
    "train_samples": 15788,
    "test_samples": 3947
}