{
    "MAE": 58.453582763671875,
    "RMSE": 94.62945828334853,
    "R2": 0.10516101121902466,
    "MAPE": 69.9370527759589,
    "train_samples": 15788,
    "test_samples": 3947
}