{
    "MAE": 53.80984115600586,
    "RMSE": 94.74934552049687,
    "R2": 0.10289222002029419,
    "MAPE": 57.845216410818566,
    "train_samples": 15788,
    "test_samples": 3947
}